{
  "parameters": {
    "seed": 42,
    "n_trials": 100000,
    "p0": 0.008,
    "hard_pity": 80,
    "char_onsets": [
      50,
      60,
      70
    ],
    "char_onset_baseline": 60,
    "weapon_onset": 65
  },
  "validation": {
    "EN_analytical": 50.998944908631294,
    "E_Y_fifty_fifty": {
      "simulated": 76.62773,
      "ci95": [
        76.40331299608566,
        76.85214700391434
      ],
      "analytical": 76.49841736294694
    },
    "E_Y_guarantee": {
      "simulated": 50.97235,
      "ci95": [
        50.841926030963705,
        51.10277396903629
      ],
      "analytical": 50.998944908631294
    }
  },
  "sensitivity": {
    "50": {
      "mean": 121.98779,
      "mean_ci": [
        121.74782382846172,
        122.22775617153829
      ],
      "q50": 124.0,
      "q90": 179.0,
      "q99": 190.0
    },
    "60": {
      "mean": 129.8634,
      "mean_ci": [
        129.59822915785898,
        130.12857084214104
      ],
      "q50": 133.0,
      "q90": 195.0,
      "q99": 206.0
    },
    "70": {
      "mean": 137.30723,
      "mean_ci": [
        137.01848211994707,
        137.59597788005294
      ],
      "q50": 141.0,
      "q90": 211.0,
      "q99": 221.0
    }
  }
}